filename,line_number,content
hybrid_system_faults.md,1,# Hybrid Heating System Fault Finding Guide
hybrid_system_faults.md,2,
hybrid_system_faults.md,3,"This comprehensive guide covers diagnostic procedures for hybrid heating systems that combine traditional boilers with heat pumps and other renewable technologies, including integration issues, buffer tank problems, control conflicts, and flow temperature concerns."
hybrid_system_faults.md,4,
hybrid_system_faults.md,5,## PART 1: UNDERSTANDING HYBRID HEATING SYSTEMS
hybrid_system_faults.md,6,
hybrid_system_faults.md,7,### Common Hybrid System Configurations
hybrid_system_faults.md,8,
hybrid_system_faults.md,9,**1. Boiler-Heat Pump Combinations**
hybrid_system_faults.md,10,- **Parallel Configuration**: Both heat sources can operate independently
hybrid_system_faults.md,11,- **Series Configuration**: One heat source preheats for the other
hybrid_system_faults.md,12,- **Alternate Operation**: System switches between sources based on conditions
hybrid_system_faults.md,13,- **Integrated Controls**: Factory-designed hybrid packages
hybrid_system_faults.md,14,- **Aftermarket Integration**: Separate systems connected via controllers
hybrid_system_faults.md,15,
hybrid_system_faults.md,16,**2. Integration Methods**
hybrid_system_faults.md,17,- **Buffer Tank Connection**: Both sources feed a thermal store
hybrid_system_faults.md,18,- **Low Loss Header**: Hydraulic separation of heat sources
hybrid_system_faults.md,19,- **Primary-Secondary**: Separate circuits with heat exchange
hybrid_system_faults.md,20,- **Direct Integration**: Heat pump feeding boiler return
hybrid_system_faults.md,21,- **Weather Compensated Switching**: External controller determines source
hybrid_system_faults.md,22,
hybrid_system_faults.md,23,**3. Key Components**
hybrid_system_faults.md,24,"- **Control Systems**: Master controllers, weather compensation"
hybrid_system_faults.md,25,"- **Hydraulic Components**: Low loss headers, buffer vessels"
hybrid_system_faults.md,26,"- **Sensors**: Multiple temperature probes, flow sensors"
hybrid_system_faults.md,27,- **Switching Valves**: Automatic changeover valves
hybrid_system_faults.md,28,- **Energy Meters**: Performance monitoring equipment
hybrid_system_faults.md,29,
hybrid_system_faults.md,30,### Operational Principles
hybrid_system_faults.md,31,
hybrid_system_faults.md,32,**Efficiency Optimization:**
hybrid_system_faults.md,33,- Heat pump prioritized during mild weather
hybrid_system_faults.md,34,- Boiler used during peak demand or cold weather
hybrid_system_faults.md,35,- Bivalent point determines changeover temperature
hybrid_system_faults.md,36,- System may use both sources simultaneously
hybrid_system_faults.md,37,"- Control strategy based on cost, efficiency, or carbon"
hybrid_system_faults.md,38,
hybrid_system_faults.md,39,**Hydraulic Balancing:**
hybrid_system_faults.md,40,- Different flow rates between heat sources
hybrid_system_faults.md,41,- Temperature differential requirements vary
hybrid_system_faults.md,42,- Pressure drop considerations
hybrid_system_faults.md,43,- Flow resistance management
hybrid_system_faults.md,44,- Minimum flow protection for heat pump
hybrid_system_faults.md,45,
hybrid_system_faults.md,46,**Control Hierarchy:**
hybrid_system_faults.md,47,- Master controller coordination
hybrid_system_faults.md,48,- Individual source controls
hybrid_system_faults.md,49,- Heat distribution controls
hybrid_system_faults.md,50,- Protection functions
hybrid_system_faults.md,51,- User interface and settings
hybrid_system_faults.md,52,
hybrid_system_faults.md,53,## PART 2: HEAT PUMP INTEGRATION ISSUES
hybrid_system_faults.md,54,
hybrid_system_faults.md,55,### Identifying Integration Problems
hybrid_system_faults.md,56,
hybrid_system_faults.md,57,**Symptoms:**
hybrid_system_faults.md,58,- Frequent switching between heat sources
hybrid_system_faults.md,59,- Poor efficiency despite favorable conditions
hybrid_system_faults.md,60,- Unexpected boiler operation
hybrid_system_faults.md,61,- Heat pump errors during integrated operation
hybrid_system_faults.md,62,- Short cycling of either heat source
hybrid_system_faults.md,63,- System hunting between modes
hybrid_system_faults.md,64,- Inability to reach target temperatures
hybrid_system_faults.md,65,- Unusual flow or return temperatures
hybrid_system_faults.md,66,
hybrid_system_faults.md,67,**Diagnostic Procedures:**
hybrid_system_faults.md,68,
hybrid_system_faults.md,69,1. **Control Strategy Analysis**
hybrid_system_faults.md,70,   - Review programmed changeover parameters
hybrid_system_faults.md,71,   - Check outside temperature sensor accuracy
hybrid_system_faults.md,72,   - Verify bivalent point settings
hybrid_system_faults.md,73,   - Examine time-based operation settings
hybrid_system_faults.md,74,   - Check priority settings and hierarchy
hybrid_system_faults.md,75,
hybrid_system_faults.md,76,2. **Operational Assessment**
hybrid_system_faults.md,77,   - Monitor switching frequency between sources
hybrid_system_faults.md,78,   - Record run times for each heat source
hybrid_system_faults.md,79,   - Compare actual vs. expected operation pattern
hybrid_system_faults.md,80,   - Check source selection against outside temperature
hybrid_system_faults.md,81,   - Verify proper enable/disable signals
hybrid_system_faults.md,82,
hybrid_system_faults.md,83,3. **Temperature Monitoring**
hybrid_system_faults.md,84,   - Track flow and return temperatures at key points
hybrid_system_faults.md,85,   - Check temperature differential across each source
hybrid_system_faults.md,86,   - Verify buffer tank stratification if present
hybrid_system_faults.md,87,   - Monitor heat pump operating temperatures
hybrid_system_faults.md,88,   - Check for temperature conflicts between sources
hybrid_system_faults.md,89,
hybrid_system_faults.md,90,**Common Faults and Solutions:**
hybrid_system_faults.md,91,
hybrid_system_faults.md,92,1. **Improper Bivalent Point Setting**
hybrid_system_faults.md,93,"   - Symptoms: Heat pump running when inefficient, excessive boiler use"
hybrid_system_faults.md,94,   - Cause: Incorrect changeover temperature setting
hybrid_system_faults.md,95,   - Solution:
hybrid_system_faults.md,96,     * Analyze heat pump efficiency curve
hybrid_system_faults.md,97,     * Adjust bivalent point to match heat pump capabilities
hybrid_system_faults.md,98,     * Consider variable bivalent point based on electricity cost
hybrid_system_faults.md,99,     * Set differential to prevent rapid switching
hybrid_system_faults.md,100,     * Implement time delay between source changes
hybrid_system_faults.md,101,
hybrid_system_faults.md,102,2. **Control Communication Failures**
hybrid_system_faults.md,103,"   - Symptoms: Unexpected operation, error codes, system hunting"
hybrid_system_faults.md,104,   - Cause: Poor integration between control systems
hybrid_system_faults.md,105,   - Solution:
hybrid_system_faults.md,106,     * Verify signal connections between controllers
hybrid_system_faults.md,107,"     * Check protocol compatibility (OpenTherm, 0-10V, relay)"
hybrid_system_faults.md,108,     * Update firmware/software if available
hybrid_system_faults.md,109,     * Add interface module if needed
hybrid_system_faults.md,110,     * Consider replacing with integrated control system
hybrid_system_faults.md,111,
hybrid_system_faults.md,112,3. **Sensor Problems**
hybrid_system_faults.md,113,"   - Symptoms: Erratic operation, inappropriate source selection"
hybrid_system_faults.md,114,"   - Cause: Faulty temperature sensors, wrong locations"
hybrid_system_faults.md,115,   - Solution:
hybrid_system_faults.md,116,     * Test and calibrate all temperature sensors
hybrid_system_faults.md,117,     * Verify proper sensor placement
hybrid_system_faults.md,118,     * Replace faulty sensors
hybrid_system_faults.md,119,     * Check wiring for interference
hybrid_system_faults.md,120,     * Consider adding averaging sensors for stability
hybrid_system_faults.md,121,
hybrid_system_faults.md,122,4. **Flow Rate Mismatches**
hybrid_system_faults.md,123,"   - Symptoms: Heat source errors, poor performance, noise"
hybrid_system_faults.md,124,   - Cause: Incompatible flow requirements between sources
hybrid_system_faults.md,125,   - Solution:
hybrid_system_faults.md,126,     * Install proper hydraulic separation (low loss header)
hybrid_system_faults.md,127,     * Adjust pump speeds for each circuit
hybrid_system_faults.md,128,     * Check valve settings and positions
hybrid_system_faults.md,129,     * Verify no flow restrictions
hybrid_system_faults.md,130,     * Consider dedicated pumps for each heat source
hybrid_system_faults.md,131,
hybrid_system_faults.md,132,### Advanced Integration Solutions
hybrid_system_faults.md,133,
hybrid_system_faults.md,134,**Control Upgrades:**
hybrid_system_faults.md,135,- Integrated multi-source controllers
hybrid_system_faults.md,136,- Weather compensation with learning algorithms
hybrid_system_faults.md,137,- Internet-connected predictive controls
hybrid_system_faults.md,138,- Time/cost optimization software
hybrid_system_faults.md,139,- Advanced staging and modulation strategies
hybrid_system_faults.md,140,
hybrid_system_faults.md,141,**Hydraulic Improvements:**
hybrid_system_faults.md,142,- Optimized buffer tank configurations
hybrid_system_faults.md,143,- Variable speed pumping strategies
hybrid_system_faults.md,144,- Pressure-independent balancing valves
hybrid_system_faults.md,145,- Low loss header with defined pressure zones
hybrid_system_faults.md,146,- Flow measurement and dynamic balancing
hybrid_system_faults.md,147,
hybrid_system_faults.md,148,**Monitoring Systems:**
hybrid_system_faults.md,149,- Real-time performance tracking
hybrid_system_faults.md,150,- Energy usage comparison
hybrid_system_faults.md,151,- Coefficient of Performance (COP) calculation
hybrid_system_faults.md,152,- Automatic fault detection
hybrid_system_faults.md,153,- Remote diagnostics capability
hybrid_system_faults.md,154,
hybrid_system_faults.md,155,## PART 3: BUFFER TANK STRATIFICATION PROBLEMS
hybrid_system_faults.md,156,
hybrid_system_faults.md,157,### Understanding Buffer Tank Function
hybrid_system_faults.md,158,
hybrid_system_faults.md,159,**Purpose in Hybrid Systems:**
hybrid_system_faults.md,160,- Thermal energy storage
hybrid_system_faults.md,161,- Hydraulic separation
hybrid_system_faults.md,162,- Heat source protection
hybrid_system_faults.md,163,- Reduced cycling
hybrid_system_faults.md,164,- Improved efficiency
hybrid_system_faults.md,165,- Load balancing
hybrid_system_faults.md,166,
hybrid_system_faults.md,167,**Optimal Stratification:**
hybrid_system_faults.md,168,- Temperature gradient from top to bottom
hybrid_system_faults.md,169,- Minimal mixing during charging/discharging
hybrid_system_faults.md,170,- Stable temperature zones
hybrid_system_faults.md,171,- Appropriate differential between zones
hybrid_system_faults.md,172,- Proper connection heights for sources/loads
hybrid_system_faults.md,173,
hybrid_system_faults.md,174,**Diagnostic Procedures:**
hybrid_system_faults.md,175,
hybrid_system_faults.md,176,1. **Temperature Profile Measurement**
hybrid_system_faults.md,177,   - Check temperatures at different heights in tank
hybrid_system_faults.md,178,   - Compare top-to-bottom differential
hybrid_system_faults.md,179,   - Monitor stratification during operation cycles
hybrid_system_faults.md,180,   - Check temperature stability over time
hybrid_system_faults.md,181,   - Verify flow and return temperatures at connections
hybrid_system_faults.md,182,
hybrid_system_faults.md,183,2. **Flow Pattern Analysis**
hybrid_system_faults.md,184,   - Check connection positions and orientations
hybrid_system_faults.md,185,   - Verify presence and condition of diffusers/baffles
hybrid_system_faults.md,186,   - Examine flow rates and potential disruption
hybrid_system_faults.md,187,   - Look for signs of turbulence or mixing
hybrid_system_faults.md,188,   - Test with thermal imaging if available
hybrid_system_faults.md,189,
hybrid_system_faults.md,190,3. **System Integration Check**
hybrid_system_faults.md,191,   - Verify pump speeds and flow rates
hybrid_system_faults.md,192,   - Check control strategy for buffer management
hybrid_system_faults.md,193,   - Examine cycling patterns of heat sources
hybrid_system_faults.md,194,   - Assess load patterns and draw-off profiles
hybrid_system_faults.md,195,   - Review buffer sizing relative to system needs
hybrid_system_faults.md,196,
hybrid_system_faults.md,197,**Common Faults and Solutions:**
hybrid_system_faults.md,198,
hybrid_system_faults.md,199,1. **Poor Stratification**
hybrid_system_faults.md,200,"   - Symptoms: Small temperature differential, rapid mixing"
hybrid_system_faults.md,201,"   - Cause: Improper connections, high flow rates, missing baffles"
hybrid_system_faults.md,202,   - Solution:
hybrid_system_faults.md,203,     * Install/replace stratification devices
hybrid_system_faults.md,204,     * Modify connection positions (higher/lower)
hybrid_system_faults.md,205,     * Reduce pump speeds to minimize turbulence
hybrid_system_faults.md,206,     * Add flow diffusers or distributors
hybrid_system_faults.md,207,     * Consider baffle installation if tank design allows
hybrid_system_faults.md,208,
hybrid_system_faults.md,209,2. **Undersized Buffer Tank**
hybrid_system_faults.md,210,"   - Symptoms: Rapid temperature changes, frequent cycling"
hybrid_system_faults.md,211,   - Cause: Insufficient volume for system demands
hybrid_system_faults.md,212,   - Solution:
hybrid_system_faults.md,213,     * Increase buffer capacity if possible
hybrid_system_faults.md,214,     * Add additional buffer tank in series
hybrid_system_faults.md,215,     * Optimize control strategy to compensate
hybrid_system_faults.md,216,     * Modify load management to reduce peaks
hybrid_system_faults.md,217,     * Consider dedicated buffers for different temperature zones
hybrid_system_faults.md,218,
hybrid_system_faults.md,219,3. **Incorrect Connection Positions**
hybrid_system_faults.md,220,"   - Symptoms: Temperature inversion, poor heat utilization"
hybrid_system_faults.md,221,   - Cause: Sources/loads connected at wrong heights
hybrid_system_faults.md,222,   - Solution:
hybrid_system_faults.md,223,     * Relocate connections to appropriate heights
hybrid_system_faults.md,224,     * Boiler flow to upper portion
hybrid_system_faults.md,225,     * Heat pump flow to mid-level
hybrid_system_faults.md,226,     * Returns to lower section
hybrid_system_faults.md,227,     * Space heating flow from appropriate temperature zone
hybrid_system_faults.md,228,
hybrid_system_faults.md,229,4. **Control Strategy Issues**
hybrid_system_faults.md,230,"   - Symptoms: Buffer not used effectively, bypass flow"
hybrid_system_faults.md,231,   - Cause: Poor integration with buffer management
hybrid_system_faults.md,232,   - Solution:
hybrid_system_faults.md,233,     * Implement multi-sensor buffer control
hybrid_system_faults.md,234,     * Set appropriate differential for charging/discharging
hybrid_system_faults.md,235,     * Add buffer prioritization logic
hybrid_system_faults.md,236,     * Create separate temperature zones for different loads
hybrid_system_faults.md,237,     * Consider variable speed pumping strategy
hybrid_system_faults.md,238,
hybrid_system_faults.md,239,### Buffer Tank Optimization Techniques
hybrid_system_faults.md,240,
hybrid_system_faults.md,241,**Physical Improvements:**
hybrid_system_faults.md,242,- Internal baffles or plates
hybrid_system_faults.md,243,- Enhanced stratification pipes
hybrid_system_faults.md,244,- Multiple temperature zones
hybrid_system_faults.md,245,- Optimized connection orientation
hybrid_system_faults.md,246,- Diffuser designs for minimal mixing
hybrid_system_faults.md,247,
hybrid_system_faults.md,248,**Control Strategies:**
hybrid_system_faults.md,249,- Variable flow rate based on temperature differential
hybrid_system_faults.md,250,- Charging mode selection based on heat source
hybrid_system_faults.md,251,- Adaptive scheduled charging
hybrid_system_faults.md,252,- Load-prioritized discharging
hybrid_system_faults.md,253,- Temperature maintenance bands
hybrid_system_faults.md,254,
hybrid_system_faults.md,255,**Monitoring and Management:**
hybrid_system_faults.md,256,- Multiple temperature sensors throughout tank
hybrid_system_faults.md,257,- Flow and energy metering
hybrid_system_faults.md,258,- Performance tracking over time
hybrid_system_faults.md,259,- Stratification efficiency calculation
hybrid_system_faults.md,260,- Predictive charging based on weather forecast
hybrid_system_faults.md,261,
hybrid_system_faults.md,262,## PART 4: CONTROL CONFLICTS IN DUAL-ENERGY SYSTEMS
hybrid_system_faults.md,263,
hybrid_system_faults.md,264,### Identifying Control Conflicts
hybrid_system_faults.md,265,
hybrid_system_faults.md,266,**Types of Control Systems:**
hybrid_system_faults.md,267,- Built-in manufacturer controls
hybrid_system_faults.md,268,- Third-party integration controllers
hybrid_system_faults.md,269,- Building management systems
hybrid_system_faults.md,270,- Smart home integration
hybrid_system_faults.md,271,- Legacy controls with adapters
hybrid_system_faults.md,272,
hybrid_system_faults.md,273,**Common Conflict Scenarios:**
hybrid_system_faults.md,274,- Competing demand signals
hybrid_system_faults.md,275,- Protection functions triggering unnecessarily
hybrid_system_faults.md,276,- Simultaneous heating and cooling requests
hybrid_system_faults.md,277,- Contradictory temperature settings
hybrid_system_faults.md,278,- Multiple weather compensation curves
hybrid_system_faults.md,279,- Mode conflicts (eco vs comfort)
hybrid_system_faults.md,280,
hybrid_system_faults.md,281,**Diagnostic Procedures:**
hybrid_system_faults.md,282,
hybrid_system_faults.md,283,1. **Control Hierarchy Analysis**
hybrid_system_faults.md,284,   - Identify master and slave controllers
hybrid_system_faults.md,285,   - Review control strategy and logic
hybrid_system_faults.md,286,   - Check signal pathways and interfaces
hybrid_system_faults.md,287,   - Verify enable/disable chains
hybrid_system_faults.md,288,   - Examine error handling procedure
hybrid_system_faults.md,289,
hybrid_system_faults.md,290,2. **Signal Testing**
hybrid_system_faults.md,291,"   - Verify signal types (0-10V, OpenTherm, relay)"
hybrid_system_faults.md,292,   - Test communication integrity
hybrid_system_faults.md,293,   - Check for interference or signal degradation
hybrid_system_faults.md,294,   - Verify expected vs. actual signal values
hybrid_system_faults.md,295,   - Monitor response to control inputs
hybrid_system_faults.md,296,
hybrid_system_faults.md,297,3. **Timing Analysis**
hybrid_system_faults.md,298,   - Check for time delays between systems
hybrid_system_faults.md,299,   - Monitor cycling patterns
hybrid_system_faults.md,300,   - Look for hunting or oscillation
hybrid_system_faults.md,301,   - Verify anti-cycling protection
hybrid_system_faults.md,302,   - Test response time to changing conditions
hybrid_system_faults.md,303,
hybrid_system_faults.md,304,**Common Faults and Solutions:**
hybrid_system_faults.md,305,
hybrid_system_faults.md,306,1. **Protection Function Conflicts**
hybrid_system_faults.md,307,"   - Symptoms: Unexpected shutdowns, error codes"
hybrid_system_faults.md,308,   - Cause: Multiple systems with different protection parameters
hybrid_system_faults.md,309,   - Solution:
hybrid_system_faults.md,310,     * Identify all protection functions and limits
hybrid_system_faults.md,311,     * Coordinate protection settings across systems
hybrid_system_faults.md,312,     * Establish clear protection hierarchy
hybrid_system_faults.md,313,     * Modify sensitive parameters if within safe range
hybrid_system_faults.md,314,     * Consider single protection control strategy
hybrid_system_faults.md,315,
hybrid_system_faults.md,316,2. **Signal Misinterpretation**
hybrid_system_faults.md,317,"   - Symptoms: Unexpected responses, improper operation"
hybrid_system_faults.md,318,"   - Cause: Incompatible signal protocols, scaling issues"
hybrid_system_faults.md,319,   - Solution:
hybrid_system_faults.md,320,     * Verify signal compatibility between systems
hybrid_system_faults.md,321,     * Add signal converters where needed
hybrid_system_faults.md,322,     * Calibrate input/output ranges
hybrid_system_faults.md,323,     * Test signal paths for integrity
hybrid_system_faults.md,324,     * Consider unified control system replacement
hybrid_system_faults.md,325,
hybrid_system_faults.md,326,3. **Setpoint Conflicts**
hybrid_system_faults.md,327,"   - Symptoms: Unstable operation, hunting between modes"
hybrid_system_faults.md,328,   - Cause: Different setpoints or curves in multiple controllers
hybrid_system_faults.md,329,   - Solution:
hybrid_system_faults.md,330,     * Establish single setpoint authority
hybrid_system_faults.md,331,     * Coordinate weather compensation curves
hybrid_system_faults.md,332,     * Implement setpoint offset strategy
hybrid_system_faults.md,333,     * Create clear operating modes with defined transitions
hybrid_system_faults.md,334,     * Consider cascade control with single master
hybrid_system_faults.md,335,
hybrid_system_faults.md,336,4. **Mode Selection Problems**
hybrid_system_faults.md,337,   - Symptoms: Systems operating in contradictory modes
hybrid_system_faults.md,338,   - Cause: Independent mode selection capability
hybrid_system_faults.md,339,   - Solution:
hybrid_system_faults.md,340,     * Implement mode hierarchy
hybrid_system_faults.md,341,     * Create mode translation between systems
hybrid_system_faults.md,342,     * Lock dependent systems to follow master
hybrid_system_faults.md,343,     * Disable conflicting modes if possible
hybrid_system_faults.md,344,     * Consider mode-specific parameters for each system
hybrid_system_faults.md,345,
hybrid_system_faults.md,346,### Control System Integration Strategies
hybrid_system_faults.md,347,
hybrid_system_faults.md,348,**Protocol Selection:**
hybrid_system_faults.md,349,- OpenTherm for boiler/heat pump integration
hybrid_system_faults.md,350,- Modbus for wider system compatibility
hybrid_system_faults.md,351,- BACnet for building management integration
hybrid_system_faults.md,352,- Proprietary systems with manufacturer gateways
hybrid_system_faults.md,353,- Simple relay logic for basic integration
hybrid_system_faults.md,354,
hybrid_system_faults.md,355,**Control Architecture Options:**
hybrid_system_faults.md,356,- Master-slave arrangement
hybrid_system_faults.md,357,- Parallel control with communication
hybrid_system_faults.md,358,- Cascade control strategy
hybrid_system_faults.md,359,- Zone-based distributed control
hybrid_system_faults.md,360,- Centralized with multiple subsystems
hybrid_system_faults.md,361,
hybrid_system_faults.md,362,**Advanced Integration Solutions:**
hybrid_system_faults.md,363,- Multi-source controllers designed for hybrids
hybrid_system_faults.md,364,- Learning algorithms for optimization
hybrid_system_faults.md,365,- Cloud-based monitoring and control
hybrid_system_faults.md,366,- Predictive operation based on weather and patterns
hybrid_system_faults.md,367,- Energy cost optimization logic
hybrid_system_faults.md,368,
hybrid_system_faults.md,369,## PART 5: FLOW TEMPERATURE ISSUES IN HYBRID SETUPS
hybrid_system_faults.md,370,
hybrid_system_faults.md,371,### Understanding Flow Temperature Requirements
hybrid_system_faults.md,372,
hybrid_system_faults.md,373,**Heat Source Characteristics:**
hybrid_system_faults.md,374,- Heat pumps: Optimal efficiency at lower flow temperatures (35-45°C)
hybrid_system_faults.md,375,- Condensing boilers: Best efficiency below 55°C return
hybrid_system_faults.md,376,- Traditional boilers: Designed for higher temperatures (60-80°C)
hybrid_system_faults.md,377,- Solar thermal: Variable temperature based on conditions
hybrid_system_faults.md,378,- Each source has specific minimum/maximum limitations
hybrid_system_faults.md,379,
hybrid_system_faults.md,380,**Emitter Requirements:**
hybrid_system_faults.md,381,- Radiators: Traditional sizing for 70-80°C
hybrid_system_faults.md,382,- Oversized radiators: Can operate at 45-60°C
hybrid_system_faults.md,383,- Underfloor heating: Optimal at 35-45°C
hybrid_system_faults.md,384,- Fan coils: Variable requirements (40-70°C)
hybrid_system_faults.md,385,- Mixed emitter systems create temperature conflicts
hybrid_system_faults.md,386,
hybrid_system_faults.md,387,**Diagnostic Procedures:**
hybrid_system_faults.md,388,
hybrid_system_faults.md,389,1. **Temperature Mapping**
hybrid_system_faults.md,390,   - Measure flow/return temperatures from each source
hybrid_system_faults.md,391,   - Check temperatures at key distribution points
hybrid_system_faults.md,392,   - Monitor emitter surface temperatures
hybrid_system_faults.md,393,   - Compare actual vs. design temperatures
hybrid_system_faults.md,394,   - Look for excessive differentials
hybrid_system_faults.md,395,
hybrid_system_faults.md,396,2. **Heat Output Assessment**
hybrid_system_faults.md,397,   - Verify heat output at designed flow temperatures
hybrid_system_faults.md,398,   - Check comfort levels in spaces
hybrid_system_faults.md,399,   - Measure temperature rise/fall rates
hybrid_system_faults.md,400,   - Assess balance between zones/areas
hybrid_system_faults.md,401,   - Compare performance across different outside temperatures
hybrid_system_faults.md,402,
hybrid_system_faults.md,403,3. **Control Strategy Review**
hybrid_system_faults.md,404,   - Check weather compensation curve settings
hybrid_system_faults.md,405,   - Review flow temperature control parameters
hybrid_system_faults.md,406,   - Verify temperature priority between sources
hybrid_system_faults.md,407,   - Examine mixing valve operation and settings
hybrid_system_faults.md,408,   - Assess setpoint management logic
hybrid_system_faults.md,409,
hybrid_system_faults.md,410,**Common Faults and Solutions:**
hybrid_system_faults.md,411,
hybrid_system_faults.md,412,1. **Excessive Flow Temperature**
hybrid_system_faults.md,413,"   - Symptoms: Heat pump efficiency poor, short cycling"
hybrid_system_faults.md,414,   - Cause: System designed for traditional high temperatures
hybrid_system_faults.md,415,   - Solution:
hybrid_system_faults.md,416,     * Implement aggressive weather compensation
hybrid_system_faults.md,417,     * Add mixing controls to separate temperature zones
hybrid_system_faults.md,418,     * Consider emitter upgrades/oversizing
hybrid_system_faults.md,419,     * Modify control strategy to prioritize low temperature
hybrid_system_faults.md,420,     * Create temperature staging with heat sources
hybrid_system_faults.md,421,
hybrid_system_faults.md,422,2. **Insufficient Flow Temperature**
hybrid_system_faults.md,423,"   - Symptoms: Slow heating, inability to reach comfort"
hybrid_system_faults.md,424,   - Cause: Heat source unable to meet emitter requirements
hybrid_system_faults.md,425,   - Solution:
hybrid_system_faults.md,426,     * Verify emitter sizing for lower temperatures
hybrid_system_faults.md,427,     * Add boiler boost for peak demand
hybrid_system_faults.md,428,     * Implement longer pre-heat periods
hybrid_system_faults.md,429,     * Consider heat pump oversizing for lower temperature operation
hybrid_system_faults.md,430,"     * Evaluate emitter upgrades (fan assistance, increased surface area)"
hybrid_system_faults.md,431,
hybrid_system_faults.md,432,3. **Temperature Stability Issues**
hybrid_system_faults.md,433,"   - Symptoms: Fluctuating temperatures, comfort problems"
hybrid_system_faults.md,434,"   - Cause: Control hunting, improper PID settings"
hybrid_system_faults.md,435,   - Solution:
hybrid_system_faults.md,436,     * Tune PID controller parameters
hybrid_system_faults.md,437,     * Add buffer capacity to dampen fluctuations
hybrid_system_faults.md,438,     * Implement slower response curves
hybrid_system_faults.md,439,     * Check sensor locations and quality
hybrid_system_faults.md,440,     * Consider advanced stabilization controls
hybrid_system_faults.md,441,
hybrid_system_faults.md,442,4. **Competing Temperature Requirements**
hybrid_system_faults.md,443,   - Symptoms: Unable to satisfy all zones simultaneously
hybrid_system_faults.md,444,   - Cause: Mixed emitter types with different needs
hybrid_system_faults.md,445,   - Solution:
hybrid_system_faults.md,446,     * Implement temperature zoning with mixing
hybrid_system_faults.md,447,     * Separate high/low temperature circuits
hybrid_system_faults.md,448,     * Add buffer tanks for different temperature levels
hybrid_system_faults.md,449,     * Consider dedicated heat sources for different zones
hybrid_system_faults.md,450,     * Implement priority control for critical zones
hybrid_system_faults.md,451,
hybrid_system_faults.md,452,### Flow Temperature Optimization Strategies
hybrid_system_faults.md,453,
hybrid_system_faults.md,454,**Weather Compensation Enhancement:**
hybrid_system_faults.md,455,- Multi-point compensation curves
hybrid_system_faults.md,456,- Learning algorithms for building response
hybrid_system_faults.md,457,- Separate curves for different heat sources
hybrid_system_faults.md,458,- Hybrid compensation based on source selection
hybrid_system_faults.md,459,- Dynamic curve adjustment based on performance
hybrid_system_faults.md,460,
hybrid_system_faults.md,461,**Temperature Zoning Techniques:**
hybrid_system_faults.md,462,- Dedicated circuits for different temperature needs
hybrid_system_faults.md,463,- Mixing valve controls for on-demand temperature
hybrid_system_faults.md,464,- Buffer tanks at different temperature levels
hybrid_system_faults.md,465,- Variable speed pumping for temperature management
hybrid_system_faults.md,466,- SmartValve technology for radiator-level control
hybrid_system_faults.md,467,
hybrid_system_faults.md,468,**Advanced Control Solutions:**
hybrid_system_faults.md,469,- Flow temperature optimization algorithms
hybrid_system_faults.md,470,- Dynamic efficiency mapping
hybrid_system_faults.md,471,- Predictive temperature management
hybrid_system_faults.md,472,- Heat loss modeling for anticipatory control
hybrid_system_faults.md,473,- Self-learning temperature reduction strategies
hybrid_system_faults.md,474,
hybrid_system_faults.md,475,## PART 6: HYBRID SYSTEM DIAGNOSTICS
hybrid_system_faults.md,476,
hybrid_system_faults.md,477,### Systematic Troubleshooting Approach
hybrid_system_faults.md,478,
hybrid_system_faults.md,479,**Baseline Performance:**
hybrid_system_faults.md,480,- Establish expected operational parameters
hybrid_system_faults.md,481,- Document design temperature differentials
hybrid_system_faults.md,482,- Record standard operating patterns
hybrid_system_faults.md,483,- Measure normal cycling frequency
hybrid_system_faults.md,484,- Note typical energy consumption ratio between sources
hybrid_system_faults.md,485,
hybrid_system_faults.md,486,**Performance Monitoring:**
hybrid_system_faults.md,487,- Track Coefficient of Performance (COP)
hybrid_system_faults.md,488,- Monitor Seasonal Performance Factor (SPF)
hybrid_system_faults.md,489,- Compare actual vs. expected source utilization
hybrid_system_faults.md,490,- Document temperature profiles throughout system
hybrid_system_faults.md,491,- Record response to varying outdoor conditions
hybrid_system_faults.md,492,
hybrid_system_faults.md,493,**Fault Isolation Methodology:**
hybrid_system_faults.md,494,1. Identify symptoms precisely
hybrid_system_faults.md,495,2. Determine if issue is with single source or integration
hybrid_system_faults.md,496,3. Test each heat source independently
hybrid_system_faults.md,497,4. Evaluate hydraulic vs. control issues
hybrid_system_faults.md,498,5. Check for interactions between subsystems
hybrid_system_faults.md,499,6. Isolate problematic operating conditions
hybrid_system_faults.md,500,7. Verify against baseline performance data
hybrid_system_faults.md,501,
hybrid_system_faults.md,502,**Common System-Wide Issues:**
hybrid_system_faults.md,503,
hybrid_system_faults.md,504,1. **Excessive Cycling Between Sources**
hybrid_system_faults.md,505,"   - Symptoms: Frequent switching, reduced efficiency"
hybrid_system_faults.md,506,"   - Diagnostic Tools: Runtime logging, temperature trending"
hybrid_system_faults.md,507,   - Key Checks:
hybrid_system_faults.md,508,     * Bivalent point settings
hybrid_system_faults.md,509,     * Switching differentials
hybrid_system_faults.md,510,     * Anti-cycling timers
hybrid_system_faults.md,511,     * Sensor accuracy
hybrid_system_faults.md,512,     * Buffer management strategy
hybrid_system_faults.md,513,
hybrid_system_faults.md,514,2. **Reduced Overall Efficiency**
hybrid_system_faults.md,515,   - Symptoms: Higher energy consumption than expected
hybrid_system_faults.md,516,"   - Diagnostic Tools: Energy metering, performance calculation"
hybrid_system_faults.md,517,   - Key Checks:
hybrid_system_faults.md,518,     * Source selection strategy
hybrid_system_faults.md,519,     * Flow temperature settings
hybrid_system_faults.md,520,     * Cycling frequency
hybrid_system_faults.md,521,     * Buffer utilization
hybrid_system_faults.md,522,     * Emitter performance at operating temperatures
hybrid_system_faults.md,523,
hybrid_system_faults.md,524,3. **Comfort Issues Despite Normal Operation**
hybrid_system_faults.md,525,"   - Symptoms: Temperature fluctuations, slow response"
hybrid_system_faults.md,526,"   - Diagnostic Tools: Room temperature logging, thermal imaging"
hybrid_system_faults.md,527,   - Key Checks:
hybrid_system_faults.md,528,     * Emitter sizing for hybrid temperatures
hybrid_system_faults.md,529,     * System responsiveness
hybrid_system_faults.md,530,     * Temperature zone separation
hybrid_system_faults.md,531,     * Control dead bands
hybrid_system_faults.md,532,     * Anticipatory heating logic
hybrid_system_faults.md,533,
hybrid_system_faults.md,534,## PART 7: REFERENCE TABLES AND RESOURCES
hybrid_system_faults.md,535,
hybrid_system_faults.md,536,### Temperature Requirements Reference
hybrid_system_faults.md,537,
hybrid_system_faults.md,538,| Heat Source | Optimal Flow Temperature | Minimum Return Temperature | Maximum Flow Temperature | Efficiency Impact of Higher Temps |
hybrid_system_faults.md,539,|------------|--------------------------|----------------------------|-------------------------|----------------------------------|
hybrid_system_faults.md,540,| Air Source Heat Pump | 35-45°C | No minimum | 55-60°C | 2-3% COP loss per °C increase |
hybrid_system_faults.md,541,| Ground Source Heat Pump | 30-45°C | No minimum | 55-60°C | 1-2% COP loss per °C increase |
hybrid_system_faults.md,542,| Condensing Boiler | 60-70°C | Below 55°C for condensing | 80-85°C | 0.5-1% efficiency loss above condensing |
hybrid_system_faults.md,543,| Traditional Boiler | 70-80°C | 55-60°C to prevent condensation | 85-90°C | Minimal impact |
hybrid_system_faults.md,544,| Solar Thermal | Variable | No minimum | System dependent | N/A - temperature is result not setting |
hybrid_system_faults.md,545,
hybrid_system_faults.md,546,### Emitter Temperature Requirements
hybrid_system_faults.md,547,
hybrid_system_faults.md,548,| Emitter Type | Traditional Design Temp | Low Temp Operation | Minimum Effective Temp | Notes |
hybrid_system_faults.md,549,|--------------|-------------------------|-------------------|----------------------|-------|
hybrid_system_faults.md,550,| Standard Radiators | 70-80°C | 55-65°C | 45-50°C | Requires oversizing for lower temps |
hybrid_system_faults.md,551,| Oversized Radiators (+30%) | 60-70°C | 45-55°C | 40-45°C | Designed for condensing boilers |
hybrid_system_faults.md,552,| Low Temperature Radiators | 55-65°C | 40-50°C | 35-40°C | Enhanced surface area/design |
hybrid_system_faults.md,553,| Underfloor Heating | 45-55°C | 35-45°C | 30-35°C | Ideal for heat pumps |
hybrid_system_faults.md,554,| Fan Coils | 55-70°C | 45-55°C | 40-45°C | Fan speed can compensate for lower temps |
hybrid_system_faults.md,555,
hybrid_system_faults.md,556,### Hybrid System Control Options
hybrid_system_faults.md,557,
hybrid_system_faults.md,558,| Integration Complexity | Control Types | Features | Application | Limitations |
hybrid_system_faults.md,559,|------------------------|--------------|----------|-------------|------------|
hybrid_system_faults.md,560,"| Basic | Relay-based switching | Simple on/off, temperature triggered | Small residential | Limited optimization, manual adjustment |"
hybrid_system_faults.md,561,"| Intermediate | Dedicated hybrid controller | Automated source selection, weather compensation | Residential/small commercial | Limited learning, fixed parameters |"
hybrid_system_faults.md,562,"| Advanced | Integrated system controls | Full optimization, learning algorithms | Commercial/advanced residential | Often manufacturer-specific |"
hybrid_system_faults.md,563,"| Complex | BMS integration | Multi-system coordination, monitoring | Commercial buildings | High cost, complex commissioning |"
hybrid_system_faults.md,564,"| Enterprise | Cloud-based optimization | Predictive control, energy market integration | Large installations | Connectivity dependent, subscription costs |"
hybrid_system_faults.md,565,
hybrid_system_faults.md,566,### Troubleshooting Hybrid System Issues
hybrid_system_faults.md,567,
hybrid_system_faults.md,568,| Symptom | Possible Causes | Diagnostic Checks | Solutions |
hybrid_system_faults.md,569,|---------|----------------|-------------------|-----------|
hybrid_system_faults.md,570,"| Heat pump runs but inadequate heat | Flow temperature too low, undersized | Check design temperatures, emitter sizing | Adjust flow temperature, boiler boost, emitter upgrades |"
hybrid_system_faults.md,571,"| Boiler runs despite mild weather | Incorrect bivalent point, sensor issue | Check settings, calibrate sensors | Adjust bivalent point, repair/replace sensors |"
hybrid_system_faults.md,572,"| Buffer temperature unstable | Poor stratification, control issues | Temperature profile testing, control review | Improve stratification, modify control strategy |"
hybrid_system_faults.md,573,"| System hunting between sources | Control conflict, narrow differentials | Signal testing, timing analysis | Widen differentials, implement delays, resolve conflicts |"
hybrid_system_faults.md,574,"| Short cycling of either source | Buffer too small, flow issues | Runtime logging, flow testing | Increase buffer capacity, hydraulic separation |"
hybrid_system_faults.md,575,"| High energy consumption | Improper source selection, high temperatures | Energy monitoring, temperature logging | Optimize source selection, reduce temperatures |"
hybrid_system_faults.md,576,"| Zones heated unevenly | Mixed temperature requirements | Zone temperature analysis | Temperature zoning, dedicated circuits |"
